icao,iata,name
AAL,AA,American Airlines
DAL,DL,Delta Air Lines
UAL,UA,United Airlines
SWA,WN,Southwest Airlines
ASA,AS,Alaska Airlines
JBU,B6,JetBlue Airways
NKS,NK,Spirit Airlines
FFT,F9,Frontier Airlines
HAL,HA,Hawaiian Airlines
AAY,G4,Allegiant Air
SCX,SY,Sun Country Airlines
MXY,MX,Breeze Airways
VXP,XP,Avelo Airlines
SKW,OO,SkyWest Airlines
RPA,YX,Republic Airways
ENY,MQ,Envoy Air
EDV,9E,Endeavor Air
JIA,OH,PSA Airlines
PDT,PT,Piedmont Airlines
ASH,YV,Mesa Airlines
QXE,QX,Horizon Air
AWI,ZW,Air Wisconsin
GJS,G7,GoJet Airlines
UCA,C5,CommuteAir
SIL,3M,Silver Airways
KAP,9K,Cape Air
